Time (%),Total Time (ns),Instances,Avg (ns),Med (ns),Min (ns),Max (ns),StdDev (ns),Style,Range
18.2,740911559,2615,283331.4,202668.0,120678,102750117,2119747.5,PushPop,:cudalink.sender.export_frame.slot0
15.2,617993026,2615,236326.2,205674.0,124922,2389767,120403.1,PushPop,:cudalink.sender.export_frame.slot1
15.1,614133274,2614,234940.0,206171.0,123057,2628281,119971.9,PushPop,:cudalink.sender.export_frame.slot2
14.9,607007024,3081,197016.2,159316.0,5210,30023836,566569.2,PushPop,:cudalink.receiver.import_frame.slot0
10.5,428713115,2393,179153.0,157198.0,76158,2961355,97280.0,PushPop,:cudalink.receiver.import_frame.slot1
10.5,426276940,2397,177837.7,155515.0,74155,2403021,95537.6,PushPop,:cudalink.receiver.import_frame.slot2
8.1,328908263,7868,41803.3,38781.5,9927,2354413,45918.9,PushPop,:cudalink.receiver.event_wait
5.4,219446519,7844,27976.4,21899.0,15066,2422783,39902.5,PushPop,:cudalink.sender.memcpy
2.2,87763205,7844,11188.6,8148.0,5669,264899,12159.3,PushPop,:cudalink.sender.record_event
